20230905	금강엔지니어링	0	0	0	0	0	0
20230911	금강엔지니어링	0	0	0	0	0	0
20230921	금강엔지니어링	0	0	0	0	0	0
20231001	금강엔지니어링	0	0	0	0	0	0
20231011	금강엔지니어링	0	0	0	0	0	0
20231021	금강엔지니어링	0	0	0	0	0	0
20231101	금강엔지니어링	0	0	0	0	0	0
20231111	금강엔지니어링	0	0	0	0	0	0
20231121	금강엔지니어링	0	0	0	0	0	0
20231201	금강엔지니어링	0	0	0	0	0	0
20231211	금강엔지니어링	0	0	0	0	0	0
20231221	금강엔지니어링	0	0	0	0	0	0
20240101	금강엔지니어링	0	0	0	0	0	0
20240111	금강엔지니어링	0	0	0	0	0	0
20240121	금강엔지니어링	0	0	0	0	0	0
20240201	금강엔지니어링	0	0	0	0	0	0
20240211	금강엔지니어링	0	0	0	0	0	0
20240221	금강엔지니어링	0	0	0	0	0	0
20240301	금강엔지니어링	0	0	0	0	0	0
20240311	금강엔지니어링	0	0	0	0	0	0
20240321	금강엔지니어링	0	0	0	0	0	0
20240401	금강엔지니어링	0	0	0	0	0	0
