20241201	다산카이스	0	0	0	0	0	0
20241211	다산카이스	0	0	0	0	0	0
20241221	다산카이스	0	0	0	0	0	0
20250101	다산카이스	0	0	0	0	0	0
20250101	다산카이스	0	0	0	0	0	0
20250111	다산카이스	0	0	0	0	0	0
20250121	다산카이스	0	0	0	0	0	0
20250201	다산카이스	0	0	0	0	0	0
20250211	다산카이스	0	0	0	0	0	0
20250221	다산카이스	0	0	0	0	0	0
20250301	다산카이스	0	0	0	0	0	0
20250311	다산카이스	0	0	0	0	0	0
20250321	다산카이스	0	0	0	0	0	0
20250401	다산카이스	0	0	0	0	0	0
20250411	다산카이스	0	0	0	0	0	0
20250421	다산카이스	0	0	0	0	0	0
20250501	다산카이스	0	0	0	0	0	0
20250511	다산카이스	0	0	0	0	0	0
20250521	다산카이스	0	0	0	0	0	0
20250601	다산카이스	0	0	0	0	0	0
20250611	다산카이스	0	0	0	0	0	0
20250621	다산카이스	0	0	0	0	0	0
20250701	다산카이스	0	0	0	0	0	0
20250711	다산카이스	0	0	0	0	0	0
20250721	다산카이스	0	0	0	0	0	0
20250801	다산카이스	0	0	0	0	0	0
20250811	다산카이스	0	0	0	0	0	0
20250821	다산카이스	0	0	0	0	0	0
20250901	다산카이스	0	0	0	0	0	0
20250911	다산카이스	0	0	0	0	0	0
20250921	다산카이스	0	0	0	0	0	0
20251001	다산카이스	0	0	0	0	0	0
20251011	다산카이스	0	0	0	0	0	0
20251021	다산카이스	0	0	0	0	0	0
20251101	다산카이스	0	0	0	0	0	0
20251111	다산카이스	0	0	0	0	0	0
20251121	다산카이스	0	0	0	0	0	0
20251201	다산카이스	0	0	0	0	0	0
20251211	다산카이스	0	0	0	0	0	0
20251221	다산카이스	0	0	0	0	0	0
20260101	다산카이스	0	0	0	0	0	0
20260111	다산카이스	0	0	0	0	0	0
20260121	다산카이스	0	0	0	0	0	0
20260201	다산카이스	0	0	0	0	0	0
20260211	다산카이스	0	0	0	0	0	0
20260221	다산카이스	0	0	0	0	0	0
20260301	다산카이스	0	0	0	0	0	0
20260311	다산카이스	0	0	0	0	0	0
20260321	다산카이스	0	0	0	0	0	0
20260401	다산카이스	0	0	0	0	0	0
20260411	다산카이스	0	0	0	0	0	0
20260421	다산카이스	0	0	0	0	0	0
20260501	다산카이스	0	0	0	0	0	0
20260511	다산카이스	0	0	0	0	0	0
20260521	다산카이스	0	0	0	0	0	0
20260601	다산카이스	0	0	0	0	0	0
20260611	다산카이스	0	0	0	0	0	0
20260621	다산카이스	0	0	0	0	0	0
20260701	다산카이스	0	0	0	0	0	0
20260711	다산카이스	0	0	0	0	0	0
20260721	다산카이스	0	0	0	0	0	0
20260801	다산카이스	0	0	0	0	0	0
20260811	다산카이스	0	0	0	0	0	0
20260828	다산카이스	0	0	0	0	0	0
20260901	다산카이스	0	0	0	0	0	0
