20251201	두어스	0	0	0	0	0	0
20251211	두어스	0	0	0	0	0	0
20251221	두어스	0	0	0	0	0	0
20260101	두어스	0	0	0	0	0	0
20260111	두어스	0	0	0	0	0	0
20260121	두어스	0	0	0	0	0	0
20260201	두어스	0	0	0	0	0	0
20260211	두어스	0	0	0	0	0	0
20260221	두어스	0	0	0	0	0	0
20260301	두어스	0	0	0	0	0	0
20260311	두어스	0	0	0	0	0	0
20260321	두어스	0	0	0	0	0	0
20260401	두어스	0	0	0	0	0	0
20260411	두어스	0	0	0	0	0	0
20260421	두어스	0	0	0	0	0	0
20260501	두어스	0	0	0	0	0	0
20260511	두어스	0	0	0	0	0	0
20260521	두어스	0	0	0	0	0	0
20260601	두어스	0	0	0	0	0	0
20260611	두어스	0	0	0	0	0	0
20260621	두어스	0	0	0	0	0	0
20260701	두어스	0	0	0	0	0	0
