20231221	디에스멘토링	0	0	0	0	0	0
20240101	디에스멘토링	0	0	0	0	0	0
20240111	디에스멘토링	0	0	1	1	1	1
20240121	디에스멘토링	0	0	1	1	1	1
20240201	디에스멘토링	0	0	1	1	1	1
20240211	디에스멘토링	0	0	1	1	1	1
20240221	디에스멘토링	0	0	1	1	1	1
20240301	디에스멘토링	0	0	1	1	1	1
20240311	디에스멘토링	0	0	1	1	1	1
20240321	디에스멘토링	0	0	1	1	1	1
20240401	디에스멘토링	0	0	1	1	1	1
20240411	디에스멘토링	0	0	3	3	3	3
20240421	디에스멘토링	0	0	3	3	3	3
20240501	디에스멘토링	0	0	3	3	3	3
20240511	디에스멘토링	0	0	3	3	3	3
20240521	디에스멘토링	0	0	3	3	3	3
20240601	디에스멘토링	0	0	3	3	3	3
20240611	디에스멘토링	0	0	3	3	3	3
20240621	디에스멘토링	0	0	3	3	3	3
20240624	디에스멘토링	0	0	3	3	3	3
20240701	디에스멘토링	0	0	3	3	3	3
20240711	디에스멘토링	0	0	3	3	3	3
20240721	디에스멘토링	1	1	3	3	4	4
