20241201	벌스워크(주)	0	0	0	0	0	0
20241211	벌스워크(주)	0	0	0	0	0	0
20241221	벌스워크(주)	0	0	0	0	0	0
20250101	벌스워크(주)	0	0	0	0	0	0
20250101	벌스워크(주)	0	0	0	0	0	0
20250111	벌스워크(주)	0	0	0	0	0	0
20250121	벌스워크(주)	0	0	0	0	0	0
20250201	벌스워크(주)	0	0	0	0	0	0
20250211	벌스워크(주)	0	0	0	0	0	0
20250221	벌스워크(주)	0	0	0	0	0	0
20250301	벌스워크(주)	0	0	0	0	0	0
20250311	벌스워크(주)	0	0	0	0	0	0
20250321	벌스워크(주)	0	0	0	0	0	0
20250401	벌스워크(주)	0	0	0	0	0	0
20250411	벌스워크(주)	0	0	0	0	0	0
20250421	벌스워크(주)	0	0	0	0	0	0
20250501	벌스워크(주)	0	0	0	0	0	0
20250511	벌스워크(주)	0	0	0	0	0	0
20250521	벌스워크(주)	0	0	0	0	0	0
20250601	벌스워크(주)	0	0	0	0	0	0
20250611	벌스워크(주)	0	0	0	0	0	0
20250621	벌스워크(주)	0	0	0	0	0	0
20250701	벌스워크(주)	0	0	0	0	0	0
20250711	벌스워크(주)	0	0	0	0	0	0
20250721	벌스워크(주)	0	0	0	0	0	0
20250801	벌스워크(주)	0	0	0	0	0	0
20250811	벌스워크(주)	0	0	0	0	0	0
20250821	벌스워크(주)	0	0	0	0	0	0
20250901	벌스워크(주)	0	0	0	0	0	0
20250911	벌스워크(주)	0	0	0	0	0	0
20250921	벌스워크(주)	0	0	0	0	0	0
20251001	벌스워크(주)	0	0	0	0	0	0
20251011	벌스워크(주)	0	0	0	0	0	0
20251021	벌스워크(주)	0	0	0	0	0	0
20251101	벌스워크(주)	0	0	0	0	0	0
20251111	벌스워크(주)	0	0	0	0	0	0
20251121	벌스워크(주)	0	0	0	0	0	0
20251201	벌스워크(주)	0	0	0	0	0	0
20251211	벌스워크(주)	0	0	0	0	0	0
20251221	벌스워크(주)	0	0	0	0	0	0
20260101	벌스워크(주)	0	0	0	0	0	0
20260111	벌스워크(주)	0	0	0	0	0	0
20260121	벌스워크(주)	0	0	0	0	0	0
20260201	벌스워크(주)	0	0	0	0	0	0
20260211	벌스워크(주)	0	0	0	0	0	0
20260221	벌스워크(주)	0	0	0	0	0	0
20260301	벌스워크(주)	0	0	0	0	0	0
20260311	벌스워크(주)	0	0	0	0	0	0
20260321	벌스워크(주)	0	0	0	0	0	0
20260401	벌스워크(주)	0	0	0	0	0	0
20260411	벌스워크(주)	0	0	0	0	0	0
20260421	벌스워크(주)	0	0	0	0	0	0
20260501	벌스워크(주)	0	0	0	0	0	0
20260511	벌스워크(주)	0	0	0	0	0	0
20260521	벌스워크(주)	0	0	0	0	0	0
20260601	벌스워크(주)	0	0	0	0	0	0
20260611	벌스워크(주)	0	0	0	0	0	0
20260621	벌스워크(주)	0	0	0	0	0	0
