20251201	비욘드데이터	0	0	0	0	0	0
20251211	비욘드데이터	0	0	0	0	0	0
20251221	비욘드데이터	0	0	0	0	0	0
20260101	비욘드데이터	0	0	0	0	0	0
20260111	비욘드데이터	0	0	0	0	0	0
20260121	비욘드데이터	0	0	2	2	2	2
20260201	비욘드데이터	0	0	2	2	2	2
20260211	비욘드데이터	0	0	2	2	2	2
20260221	비욘드데이터	0	0	2	2	2	2
20260301	비욘드데이터	0	0	2	2	2	2
20260311	비욘드데이터	0	0	2	2	2	2
20260321	비욘드데이터	0	0	2	2	2	2
20260401	비욘드데이터	0	0	2	2	2	2
20260411	비욘드데이터	0	0	2	2	2	2
20260421	비욘드데이터	0	0	2	2	2	2
20260501	비욘드데이터	0	0	2	2	2	2
20260511	비욘드데이터	0	0	2	2	2	2
20260521	비욘드데이터	0	0	2	2	2	2
20260601	비욘드데이터	0	0	2	2	2	2
20260611	비욘드데이터	0	0	2	2	2	2
20260621	비욘드데이터	0	0	2	2	2	2
20260701	비욘드데이터	0	0	2	2	2	2
