20251201	스피츠에이아이	0	0	0	0	0	0
20251211	스피츠에이아이	0	0	0	0	0	0
20251221	스피츠에이아이	0	0	0	0	0	0
20260101	스피츠에이아이	0	0	0	0	0	0
20260111	스피츠에이아이	0	0	0	0	0	0
20260121	스피츠에이아이	0	0	0	0	0	0
20260201	스피츠에이아이	0	0	0	0	0	0
20260211	스피츠에이아이	0	0	0	0	0	0
20260221	스피츠에이아이	0	0	0	0	0	0
20260301	스피츠에이아이	0	0	0	0	0	0
20260311	스피츠에이아이	0	0	0	0	0	0
20260321	스피츠에이아이	0	0	0	0	0	0
20260401	스피츠에이아이	0	0	0	0	0	0
20260411	스피츠에이아이	0	0	0	0	0	0
20260421	스피츠에이아이	0	0	0	0	0	0
20260501	스피츠에이아이	0	0	0	0	0	0
20260511	스피츠에이아이	0	0	0	0	0	0
20260521	스피츠에이아이	0	0	0	0	0	0
20260601	스피츠에이아이	0	0	0	0	0	0
20260611	스피츠에이아이	0	0	0	0	0	0
20260621	스피츠에이아이	0	0	0	0	0	0
