20241201	아하앤컴퍼니(주)	0	0	0	0	0	0
20241211	아하앤컴퍼니(주)	0	0	0	0	0	0
20241221	아하앤컴퍼니(주)	0	0	0	0	0	0
20250101	아하앤컴퍼니(주)	0	0	0	0	0	0
20250101	아하앤컴퍼니(주)	0	0	0	0	0	0
20250111	아하앤컴퍼니(주)	0	0	0	0	0	0
20250121	아하앤컴퍼니(주)	0	0	0	0	0	0
20250201	아하앤컴퍼니(주)	0	0	0	0	0	0
20250211	아하앤컴퍼니(주)	0	0	0	0	0	0
20250221	아하앤컴퍼니(주)	0	0	0	0	0	0
20250301	아하앤컴퍼니(주)	0	0	0	0	0	0
20250311	아하앤컴퍼니(주)	0	0	0	0	0	0
20250321	아하앤컴퍼니(주)	0	0	0	0	0	0
20250401	아하앤컴퍼니(주)	0	0	0	0	0	0
20250411	아하앤컴퍼니(주)	0	0	0	0	0	0
20250421	아하앤컴퍼니(주)	0	0	0	0	0	0
20250501	아하앤컴퍼니(주)	0	0	0	0	0	0
20250511	아하앤컴퍼니(주)	0	0	0	0	0	0
20250521	아하앤컴퍼니(주)	0	0	0	0	0	0
20250601	아하앤컴퍼니(주)	0	0	0	0	0	0
20250611	아하앤컴퍼니(주)	0	0	0	0	0	0
20250621	아하앤컴퍼니(주)	0	0	0	0	0	0
20250701	아하앤컴퍼니(주)	0	0	0	0	0	0
20250711	아하앤컴퍼니(주)	0	0	0	0	0	0
20250721	아하앤컴퍼니(주)	0	0	0	0	0	0
20250801	아하앤컴퍼니(주)	0	0	0	0	0	0
20250811	아하앤컴퍼니(주)	0	0	0	0	0	0
20250821	아하앤컴퍼니(주)	0	0	0	0	0	0
20250901	아하앤컴퍼니(주)	0	0	0	0	0	0
20250911	아하앤컴퍼니(주)	0	0	0	0	0	0
20250921	아하앤컴퍼니(주)	0	0	0	0	0	0
20251001	아하앤컴퍼니(주)	0	0	0	0	0	0
20251011	아하앤컴퍼니(주)	0	0	0	0	0	0
20251021	아하앤컴퍼니(주)	0	0	0	0	0	0
20251101	아하앤컴퍼니(주)	0	0	0	0	0	0
20251111	아하앤컴퍼니(주)	0	0	0	0	0	0
20251121	아하앤컴퍼니(주)	0	0	0	0	0	0
20251201	아하앤컴퍼니(주)	0	0	0	0	0	0
20251211	아하앤컴퍼니(주)	0	0	0	0	0	0
20251221	아하앤컴퍼니(주)	0	0	0	0	0	0
20260101	아하앤컴퍼니(주)	0	0	0	0	0	0
20260111	아하앤컴퍼니(주)	0	0	0	0	0	0
20260121	아하앤컴퍼니(주)	0	0	0	0	0	0
20260201	아하앤컴퍼니(주)	0	0	0	0	0	0
20260211	아하앤컴퍼니(주)	0	0	0	0	0	0
20260221	아하앤컴퍼니(주)	0	0	0	0	0	0
20260301	아하앤컴퍼니(주)	0	0	0	0	0	0
20260311	아하앤컴퍼니(주)	0	0	0	0	0	0
20260321	아하앤컴퍼니(주)	0	0	0	0	0	0
20260401	아하앤컴퍼니(주)	0	0	0	0	0	0
20260411	아하앤컴퍼니(주)	0	0	0	0	0	0
20260421	아하앤컴퍼니(주)	0	0	0	0	0	0
20260501	아하앤컴퍼니(주)	0	0	0	0	0	0
20260511	아하앤컴퍼니(주)	0	0	0	0	0	0
20260521	아하앤컴퍼니(주)	1	1	0	0	1	1
20260601	아하앤컴퍼니(주)	1	1	0	0	1	1
20260611	아하앤컴퍼니(주)	1	1	0	0	1	1
20260621	아하앤컴퍼니(주)	1	1	0	0	1	1
20260701	아하앤컴퍼니(주)	1	1	0	0	1	1
20260711	아하앤컴퍼니(주)	1	1	0	0	1	1
20260721	아하앤컴퍼니(주)	1	1	0	0	1	1
