20230905	엠에스씨테크	0	0	0	2	0	2
20230911	엠에스씨테크	0	0	0	2	0	2
20230921	엠에스씨테크	0	0	0	2	0	2
20231001	엠에스씨테크	0	0	0	2	0	2
20231011	엠에스씨테크	0	0	0	2	0	2
20231021	엠에스씨테크	0	0	0	2	0	2
20231101	엠에스씨테크	0	0	0	1	0	1
20231111	엠에스씨테크	0	0	0	1	0	1
20231121	엠에스씨테크	0	0	0	1	0	1
20231201	엠에스씨테크	0	0	0	1	0	1
20231211	엠에스씨테크	0	0	0	1	0	1
20231221	엠에스씨테크	0	0	0	1	0	1
20240101	엠에스씨테크	0	0	0	1	0	1
20240111	엠에스씨테크	0	0	0	1	0	1
20240121	엠에스씨테크	0	0	0	1	0	1
20240201	엠에스씨테크	0	0	0	1	0	1
20240211	엠에스씨테크	0	0	0	1	0	1
20240221	엠에스씨테크	0	0	0	1	0	1
20240301	엠에스씨테크	0	0	0	1	0	1
20240311	엠에스씨테크	0	0	0	1	0	1
20240321	엠에스씨테크	0	0	0	1	0	1
20240401	엠에스씨테크	0	0	0	1	0	1
20240411	엠에스씨테크	0	0	0	1	0	1
20240421	엠에스씨테크	0	0	0	1	0	1
20240501	엠에스씨테크	0	0	0	1	0	1
20240511	엠에스씨테크	0	0	0	1	0	1
20240521	엠에스씨테크	0	0	0	1	0	1
20240601	엠에스씨테크	0	0	0	1	0	1
20240611	엠에스씨테크	0	0	0	1	0	1
20240621	엠에스씨테크	0	0	0	1	0	1
