20230905	자몽컴퍼니	0	0	0	3	0	3
20230911	자몽컴퍼니	0	0	0	3	0	3
20230921	자몽컴퍼니	0	0	0	3	0	3
20231001	자몽컴퍼니	0	0	0	3	0	3
20231011	자몽컴퍼니	0	0	0	3	0	3
20231021	자몽컴퍼니	0	0	0	3	0	3
20231101	자몽컴퍼니	0	0	0	3	0	3
20231111	자몽컴퍼니	0	0	0	3	0	3
20231121	자몽컴퍼니	0	0	0	3	0	3
20231201	자몽컴퍼니	0	0	0	3	0	3
20231211	자몽컴퍼니	0	0	0	2	0	2
20231221	자몽컴퍼니	0	0	0	2	0	2
20240101	자몽컴퍼니	0	0	0	2	0	2
20240111	자몽컴퍼니	0	0	0	2	0	2
20240121	자몽컴퍼니	0	0	0	2	0	2
20240201	자몽컴퍼니	0	0	0	2	0	2
20240211	자몽컴퍼니	0	0	0	2	0	2
20240221	자몽컴퍼니	0	0	0	2	0	2
20240301	자몽컴퍼니	0	0	0	2	0	2
20240311	자몽컴퍼니	0	0	0	2	0	2
20240321	자몽컴퍼니	0	0	0	2	0	2
20240401	자몽컴퍼니	0	0	0	2	0	2
20240411	자몽컴퍼니	0	0	0	2	0	2
20240421	자몽컴퍼니	0	0	0	2	0	2
20240501	자몽컴퍼니	0	0	0	2	0	2
20240511	자몽컴퍼니	0	0	0	2	0	2
20240521	자몽컴퍼니	0	0	0	2	0	2
20240601	자몽컴퍼니	0	0	0	2	0	2
20240611	자몽컴퍼니	0	0	0	2	0	2
20240621	자몽컴퍼니	0	0	0	2	0	2
20240624	자몽컴퍼니	0	0	0	2	0	2
20240701	자몽컴퍼니	0	0	0	2	0	2
