20250601	(주)블룸에이아이	0	0	1	1	1	1
20250611	(주)블룸에이아이	0	0	1	1	1	1
20250621	(주)블룸에이아이	0	0	1	1	1	1
20250701	(주)블룸에이아이	0	0	1	1	1	1
20250711	(주)블룸에이아이	0	0	1	1	1	1
20250721	(주)블룸에이아이	0	0	1	1	1	1
20250801	(주)블룸에이아이	0	0	1	1	1	1
20250811	(주)블룸에이아이	0	0	1	1	1	1
20250821	(주)블룸에이아이	0	0	1	1	1	1
20250901	(주)블룸에이아이	0	0	1	1	1	1
20250911	(주)블룸에이아이	0	0	1	1	1	1
20250921	(주)블룸에이아이	0	0	1	1	1	1
20251001	(주)블룸에이아이	0	0	1	1	1	1
20251011	(주)블룸에이아이	0	0	1	1	1	1
20251021	(주)블룸에이아이	0	0	1	1	1	1
20251101	(주)블룸에이아이	0	0	1	1	1	1
20251111	(주)블룸에이아이	0	0	1	1	1	1
20251121	(주)블룸에이아이	0	0	1	1	1	1
20251201	(주)블룸에이아이	0	0	1	1	1	1
20251211	(주)블룸에이아이	0	0	0	0	0	0
20251221	(주)블룸에이아이	0	0	0	0	0	0
20260101	(주)블룸에이아이	0	0	0	0	0	0
20260111	(주)블룸에이아이	0	0	0	0	0	0
20260121	(주)블룸에이아이	0	0	0	0	0	0
20260201	(주)블룸에이아이	0	0	0	0	0	0
20260211	(주)블룸에이아이	0	0	0	0	0	0
20260221	(주)블룸에이아이	0	0	0	0	0	0
20260301	(주)블룸에이아이	0	0	0	0	0	0
20260311	(주)블룸에이아이	0	0	0	0	0	0
20260321	(주)블룸에이아이	0	0	0	0	0	0
20260401	(주)블룸에이아이	0	0	0	0	0	0
20260411	(주)블룸에이아이	0	0	0	0	0	0
20260421	(주)블룸에이아이	0	0	0	0	0	0
20260501	(주)블룸에이아이	0	0	0	0	0	0
20260511	(주)블룸에이아이	0	0	0	0	0	0
20260521	(주)블룸에이아이	0	0	0	0	0	0
20260601	(주)블룸에이아이	0	0	0	0	0	0
20260611	(주)블룸에이아이	0	0	0	0	0	0
20260621	(주)블룸에이아이	0	0	0	0	0	0
20260701	(주)블룸에이아이	0	0	0	0	0	0
20260711	(주)블룸에이아이	0	0	0	0	0	0
20260721	(주)블룸에이아이	0	0	0	0	0	0
20260801	(주)블룸에이아이	0	0	0	0	0	0
20260811	(주)블룸에이아이	0	0	0	0	0	0
20260828	(주)블룸에이아이	0	0	0	0	0	0
20260901	(주)블룸에이아이	0	0	0	0	0	0
