20250711	(주)모프인터랙티브	0	0	2	2	2	2
20250721	(주)모프인터랙티브	0	0	2	2	2	2
20250801	(주)모프인터랙티브	0	0	2	2	2	2
20250811	(주)모프인터랙티브	0	0	2	2	2	2
20250821	(주)모프인터랙티브	0	0	2	2	2	2
20250901	(주)모프인터랙티브	0	0	2	2	2	2
20250911	(주)모프인터랙티브	0	0	2	2	2	2
20250921	(주)모프인터랙티브	0	0	2	2	2	2
20251001	(주)모프인터랙티브	0	0	2	2	2	2
20251011	(주)모프인터랙티브	0	0	2	2	2	2
20251021	(주)모프인터랙티브	0	0	2	2	2	2
20251101	(주)모프인터랙티브	0	0	2	2	2	2
20251111	(주)모프인터랙티브	0	0	2	2	2	2
20251121	(주)모프인터랙티브	0	0	2	2	2	2
20251201	(주)모프인터랙티브	0	0	2	2	2	2
20251211	(주)모프인터랙티브	0	0	2	2	2	2
20251221	(주)모프인터랙티브	0	0	2	2	2	2
20260101	(주)모프인터랙티브	0	0	0	2	0	2
20260111	(주)모프인터랙티브	0	0	0	2	0	2
20260121	(주)모프인터랙티브	0	0	0	2	0	2
20260201	(주)모프인터랙티브	0	0	0	2	0	2
20260211	(주)모프인터랙티브	0	0	0	2	0	2
20260221	(주)모프인터랙티브	0	0	0	2	0	2
20260301	(주)모프인터랙티브	0	0	0	2	0	2
20260311	(주)모프인터랙티브	0	0	0	2	0	2
20260321	(주)모프인터랙티브	0	0	0	2	0	2
20260401	(주)모프인터랙티브	0	0	0	2	0	2
20260411	(주)모프인터랙티브	0	0	0	2	0	2
20260421	(주)모프인터랙티브	0	0	0	2	0	2
20260501	(주)모프인터랙티브	0	0	0	2	0	2
20260511	(주)모프인터랙티브	0	0	0	2	0	2
20260521	(주)모프인터랙티브	0	0	0	2	0	2
20260601	(주)모프인터랙티브	0	0	0	2	0	2
20260611	(주)모프인터랙티브	0	0	0	2	0	2
20260621	(주)모프인터랙티브	0	0	0	2	0	2
20260701	(주)모프인터랙티브	0	0	0	2	0	2
20260711	(주)모프인터랙티브	0	0	0	2	0	2
20260721	(주)모프인터랙티브	0	0	0	2	0	2
20260801	(주)모프인터랙티브	0	0	0	2	0	2
20260811	(주)모프인터랙티브	0	0	0	2	0	2
20260828	(주)모프인터랙티브	0	0	0	2	0	2
20260901	(주)모프인터랙티브	0	0	0	2	0	2
