20250321	(주)모닥게임즈	0	0	2	2	2	2
20250401	(주)모닥게임즈	0	0	2	2	2	2
20250411	(주)모닥게임즈	0	0	2	2	2	2
20250421	(주)모닥게임즈	0	0	2	2	2	2
20250501	(주)모닥게임즈	0	0	2	2	2	2
20250511	(주)모닥게임즈	0	0	2	2	2	2
20250521	(주)모닥게임즈	0	0	2	2	2	2
20250601	(주)모닥게임즈	0	0	2	2	2	2
20250611	(주)모닥게임즈	0	0	2	2	2	2
20250621	(주)모닥게임즈	0	0	2	2	2	2
20250701	(주)모닥게임즈	0	0	2	2	2	2
20250711	(주)모닥게임즈	0	0	2	2	2	2
20250721	(주)모닥게임즈	0	0	2	2	2	2
20250801	(주)모닥게임즈	0	0	2	2	2	2
20250811	(주)모닥게임즈	0	0	2	2	2	2
20250821	(주)모닥게임즈	0	0	2	2	2	2
20250901	(주)모닥게임즈	0	0	2	2	2	2
20250911	(주)모닥게임즈	0	0	2	2	2	2
20250921	(주)모닥게임즈	0	0	2	2	2	2
20251001	(주)모닥게임즈	0	0	2	2	2	2
20251011	(주)모닥게임즈	0	0	2	2	2	2
20251021	(주)모닥게임즈	0	0	2	2	2	2
20251101	(주)모닥게임즈	0	0	2	2	2	2
20251111	(주)모닥게임즈	0	0	2	2	2	2
20251121	(주)모닥게임즈	0	0	2	2	2	2
20251201	(주)모닥게임즈	0	0	2	2	2	2
20251211	(주)모닥게임즈	0	0	2	2	2	2
20251221	(주)모닥게임즈	0	0	2	2	2	2
20260101	(주)모닥게임즈	0	0	0	2	0	2
20260111	(주)모닥게임즈	0	0	0	2	0	2
20260121	(주)모닥게임즈	0	0	0	2	0	2
20260201	(주)모닥게임즈	0	0	0	2	0	2
20260211	(주)모닥게임즈	0	0	0	1	0	1
20260221	(주)모닥게임즈	0	0	0	1	0	1
20260301	(주)모닥게임즈	0	0	0	1	0	1
20260311	(주)모닥게임즈	0	0	0	0	0	0
20260321	(주)모닥게임즈	0	0	0	0	0	0
20260401	(주)모닥게임즈	0	0	0	0	0	0
20260411	(주)모닥게임즈	0	0	0	0	0	0
20260421	(주)모닥게임즈	0	0	0	0	0	0
20260501	(주)모닥게임즈	0	0	0	0	0	0
20260511	(주)모닥게임즈	0	0	0	0	0	0
20260521	(주)모닥게임즈	0	0	0	0	0	0
20260601	(주)모닥게임즈	0	0	0	0	0	0
20260611	(주)모닥게임즈	0	0	0	0	0	0
20260621	(주)모닥게임즈	0	0	0	0	0	0
20260701	(주)모닥게임즈	0	0	0	0	0	0
