20230905	주식회사 샬롬	0	0	0	0	0	0
20230911	주식회사 샬롬	0	0	0	0	0	0
20230921	주식회사 샬롬	0	0	0	0	0	0
20231001	주식회사 샬롬	0	0	0	0	0	0
20231011	주식회사 샬롬	0	0	0	0	0	0
20231021	주식회사 샬롬	0	0	0	0	0	0
20231101	주식회사 샬롬	0	0	0	0	0	0
20231111	주식회사 샬롬	0	0	0	0	0	0
20231121	주식회사 샬롬	0	0	0	0	0	0
20231201	주식회사 샬롬	0	0	0	0	0	0
20231211	주식회사 샬롬	0	0	0	0	0	0
20231221	주식회사 샬롬	0	0	0	0	0	0
20240101	주식회사 샬롬	0	0	0	0	0	0
20240111	주식회사 샬롬	0	0	0	0	0	0
20240121	주식회사 샬롬	0	0	0	0	0	0
20240201	주식회사 샬롬	0	0	0	0	0	0
20240211	주식회사 샬롬	0	0	0	0	0	0
20240221	주식회사 샬롬	0	0	0	0	0	0
20240301	주식회사 샬롬	0	0	0	0	0	0
20240311	주식회사 샬롬	0	0	0	0	0	0
20240321	주식회사 샬롬	0	0	0	0	0	0
20240401	주식회사 샬롬	0	0	0	0	0	0
20240411	주식회사 샬롬	0	0	0	0	0	0
20240421	주식회사 샬롬	0	0	0	0	0	0
20240501	주식회사 샬롬	0	0	0	0	0	0
20240511	주식회사 샬롬	0	0	0	0	0	0
20240521	주식회사 샬롬	0	0	0	0	0	0
20240601	주식회사 샬롬	0	0	0	0	0	0
20240611	주식회사 샬롬	0	0	0	0	0	0
20240621	주식회사 샬롬	0	0	0	0	0	0
