20230905	주식회사콘샐러드	0	2	1	1	1	3
20230911	주식회사콘샐러드	0	2	1	1	1	3
20230921	주식회사콘샐러드	0	2	1	1	1	3
20231001	주식회사콘샐러드	0	2	1	1	1	3
20231011	주식회사콘샐러드	0	2	1	1	1	3
20231021	주식회사콘샐러드	0	2	1	1	1	3
20231101	주식회사콘샐러드	0	2	1	1	1	3
20231111	주식회사콘샐러드	0	2	1	1	1	3
20231121	주식회사콘샐러드	0	2	1	1	1	3
20231201	주식회사콘샐러드	0	2	1	1	1	3
20231211	주식회사콘샐러드	0	2	1	1	1	3
20231221	주식회사콘샐러드	0	2	1	1	1	3
20240101	주식회사콘샐러드	0	2	0	1	0	3
20240111	주식회사콘샐러드	0	2	0	1	0	3
20240121	주식회사콘샐러드	0	2	0	1	0	3
20240201	주식회사콘샐러드	0	2	0	1	0	3
20240211	주식회사콘샐러드	0	2	0	1	0	3
20240221	주식회사콘샐러드	0	2	0	1	0	3
20240301	주식회사콘샐러드	0	2	0	1	0	3
20240311	주식회사콘샐러드	0	2	0	1	0	3
20240321	주식회사콘샐러드	0	2	0	1	0	3
20240401	주식회사콘샐러드	0	2	0	1	0	3
20240411	주식회사콘샐러드	0	2	0	1	0	3
20240421	주식회사콘샐러드	0	2	0	1	0	3
20240501	주식회사콘샐러드	0	2	0	1	0	3
20240511	주식회사콘샐러드	0	1	0	1	0	2
20240521	주식회사콘샐러드	0	1	0	1	0	2
20240601	주식회사콘샐러드	0	1	0	1	0	2
20240611	주식회사콘샐러드	0	1	0	1	0	2
20240621	주식회사콘샐러드	0	1	0	1	0	2
20240624	주식회사콘샐러드	0	1	0	1	0	2
20240701	주식회사콘샐러드	0	1	0	1	0	2
20240711	주식회사콘샐러드	0	1	0	1	0	2
20240721	주식회사콘샐러드	0	1	0	1	0	2
20240801	주식회사콘샐러드	0	1	0	1	0	2
20240811	주식회사콘샐러드	0	1	0	1	0	2
20240821	주식회사콘샐러드	0	1	0	1	0	2
20240901	주식회사콘샐러드	0	1	0	1	0	2
20240911	주식회사콘샐러드	0	1	0	1	0	2
20240921	주식회사콘샐러드	0	1	0	1	0	2
20241001	주식회사콘샐러드	0	0	0	1	0	1
20241011	주식회사콘샐러드	0	0	0	1	0	1
20241021	주식회사콘샐러드	0	0	0	1	0	1
20241101	주식회사콘샐러드	0	0	0	1	0	1
20241111	주식회사콘샐러드	0	0	0	1	0	1
20241121	주식회사콘샐러드	0	0	0	1	0	1
20241201	주식회사콘샐러드	0	0	0	1	0	1
20241211	주식회사콘샐러드	0	0	0	1	0	1
20241221	주식회사콘샐러드	0	0	0	1	0	1
20250101	주식회사콘샐러드	0	0	0	1	0	1
20250101	주식회사콘샐러드	0	0	0	1	0	1
20250111	주식회사콘샐러드	0	0	0	1	0	1
20250121	주식회사콘샐러드	0	0	0	1	0	1
20250201	주식회사콘샐러드	0	0	0	1	0	1
20250211	주식회사콘샐러드	0	0	0	1	0	1
20250221	주식회사콘샐러드	0	0	0	1	0	1
20250301	주식회사콘샐러드	0	0	0	1	0	1
20250311	주식회사콘샐러드	0	0	0	1	0	1
20250321	주식회사콘샐러드	0	0	0	1	0	1
20250401	주식회사콘샐러드	0	0	0	1	0	1
20250411	주식회사콘샐러드	0	0	0	1	0	1
20250421	주식회사콘샐러드	0	0	0	1	0	1
20250501	주식회사콘샐러드	0	0	0	1	0	1
20250511	주식회사콘샐러드	0	0	0	1	0	1
20250521	주식회사콘샐러드	0	0	0	1	0	1
20250601	주식회사콘샐러드	0	0	0	1	0	1
20250611	주식회사콘샐러드	0	0	0	1	0	1
20250621	주식회사콘샐러드	0	0	0	1	0	1
20250701	주식회사콘샐러드	0	0	0	1	0	1
