20250711	(주)스냅컴퍼니	0	0	0	3	0	3
20250721	(주)스냅컴퍼니	0	0	0	3	0	3
20250801	(주)스냅컴퍼니	0	0	0	3	0	3
20250811	(주)스냅컴퍼니	0	0	0	3	0	3
20250821	(주)스냅컴퍼니	0	0	0	3	0	3
20250901	(주)스냅컴퍼니	0	0	0	3	0	3
20250911	(주)스냅컴퍼니	0	0	0	3	0	3
20250921	(주)스냅컴퍼니	0	0	0	3	0	3
20251001	(주)스냅컴퍼니	0	0	0	3	0	3
20251011	(주)스냅컴퍼니	0	0	0	3	0	3
20251021	(주)스냅컴퍼니	0	0	0	3	0	3
20251101	(주)스냅컴퍼니	0	0	0	2	0	2
20251111	(주)스냅컴퍼니	0	0	0	2	0	2
20251121	(주)스냅컴퍼니	0	0	0	2	0	2
20251201	(주)스냅컴퍼니	0	0	0	2	0	2
20251211	(주)스냅컴퍼니	0	0	0	2	0	2
20251221	(주)스냅컴퍼니	0	0	0	2	0	2
20260101	(주)스냅컴퍼니	0	0	0	2	0	2
20260111	(주)스냅컴퍼니	0	0	0	2	0	2
20260121	(주)스냅컴퍼니	0	0	1	3	1	3
20260201	(주)스냅컴퍼니	0	0	1	3	1	3
20260211	(주)스냅컴퍼니	0	0	1	2	1	2
20260221	(주)스냅컴퍼니	0	0	1	2	1	2
20260301	(주)스냅컴퍼니	0	0	1	2	1	2
20260311	(주)스냅컴퍼니	0	0	1	2	1	2
20260321	(주)스냅컴퍼니	0	0	1	2	1	2
20260401	(주)스냅컴퍼니	0	0	1	2	1	2
20260411	(주)스냅컴퍼니	0	0	1	2	1	2
20260421	(주)스냅컴퍼니	0	0	1	2	1	2
20260501	(주)스냅컴퍼니	0	0	1	2	1	2
20260511	(주)스냅컴퍼니	0	0	1	2	1	2
20260521	(주)스냅컴퍼니	0	0	1	2	1	2
