20250711	(주)아인톱시스템	0	0	1	2	1	2
20250721	(주)아인톱시스템	0	0	1	2	1	2
20250801	(주)아인톱시스템	0	0	1	2	1	2
20250811	(주)아인톱시스템	0	0	1	2	1	2
20250821	(주)아인톱시스템	0	0	1	2	1	2
20250901	(주)아인톱시스템	0	0	1	2	1	2
20250911	(주)아인톱시스템	0	0	1	2	1	2
20250921	(주)아인톱시스템	0	0	1	2	1	2
20251001	(주)아인톱시스템	0	0	1	2	1	2
20251011	(주)아인톱시스템	0	0	1	2	1	2
20251021	(주)아인톱시스템	0	0	1	2	1	2
20251101	(주)아인톱시스템	0	0	1	2	1	2
20251111	(주)아인톱시스템	0	0	1	2	1	2
20251121	(주)아인톱시스템	0	0	1	2	1	2
20251201	(주)아인톱시스템	0	0	1	2	1	2
20251211	(주)아인톱시스템	0	0	1	2	1	2
20251221	(주)아인톱시스템	0	0	1	2	1	2
20260101	(주)아인톱시스템	0	0	0	2	0	2
20260111	(주)아인톱시스템	0	0	0	2	0	2
20260121	(주)아인톱시스템	0	0	0	2	0	2
20260201	(주)아인톱시스템	0	0	0	2	0	2
20260211	(주)아인톱시스템	0	0	0	1	0	1
20260221	(주)아인톱시스템	0	0	0	1	0	1
20260301	(주)아인톱시스템	0	0	0	1	0	1
20260311	(주)아인톱시스템	0	0	0	1	0	1
20260321	(주)아인톱시스템	0	0	0	1	0	1
20260401	(주)아인톱시스템	0	0	0	1	0	1
20260411	(주)아인톱시스템	0	0	0	1	0	1
20260421	(주)아인톱시스템	0	0	0	1	0	1
20260501	(주)아인톱시스템	0	0	0	1	0	1
20260511	(주)아인톱시스템	0	0	0	1	0	1
