20241201	(주)킬로	0	0	0	0	0	0
20241211	(주)킬로	0	0	0	0	0	0
20241221	(주)킬로	0	0	0	0	0	0
20250101	(주)킬로	0	0	0	0	0	0
20250101	(주)킬로	0	0	0	0	0	0
20250111	(주)킬로	0	0	2	2	2	2
20250121	(주)킬로	0	0	2	2	2	2
20250201	(주)킬로	0	0	2	2	2	2
20250211	(주)킬로	0	0	2	2	2	2
20250221	(주)킬로	0	0	2	2	2	2
20250301	(주)킬로	0	0	2	2	2	2
20250311	(주)킬로	0	0	2	2	2	2
20250321	(주)킬로	0	0	2	2	2	2
20250401	(주)킬로	0	0	2	2	2	2
20250411	(주)킬로	0	0	2	2	2	2
20250421	(주)킬로	0	0	2	2	2	2
20250501	(주)킬로	0	0	2	2	2	2
20250511	(주)킬로	0	0	2	2	2	2
20250521	(주)킬로	0	0	2	2	2	2
20250601	(주)킬로	0	0	2	2	2	2
20250611	(주)킬로	0	0	2	2	2	2
20250621	(주)킬로	0	0	2	2	2	2
20250701	(주)킬로	0	0	2	2	2	2
20250711	(주)킬로	0	0	2	2	2	2
20250721	(주)킬로	0	0	2	2	2	2
20250801	(주)킬로	0	0	2	2	2	2
20250811	(주)킬로	0	0	2	2	2	2
20250821	(주)킬로	0	0	2	2	2	2
20250901	(주)킬로	0	0	2	2	2	2
20250911	(주)킬로	0	0	2	2	2	2
20250921	(주)킬로	0	0	2	2	2	2
20251001	(주)킬로	0	0	2	2	2	2
