20251201	지엔소프트(주)	0	0	0	0	0	0
20251211	지엔소프트(주)	0	0	0	0	0	0
20251221	지엔소프트(주)	0	0	0	0	0	0
20260101	지엔소프트(주)	0	0	0	0	0	0
20260111	지엔소프트(주)	0	0	0	0	0	0
20260121	지엔소프트(주)	0	0	0	0	0	0
20260201	지엔소프트(주)	0	0	0	0	0	0
20260211	지엔소프트(주)	0	0	0	0	0	0
20260221	지엔소프트(주)	0	0	0	0	0	0
20260301	지엔소프트(주)	0	0	0	0	0	0
20260311	지엔소프트(주)	0	0	0	0	0	0
20260321	지엔소프트(주)	0	0	0	0	0	0
20260401	지엔소프트(주)	0	0	0	0	0	0
20260411	지엔소프트(주)	0	0	0	0	0	0
20260421	지엔소프트(주)	0	0	0	0	0	0
20260501	지엔소프트(주)	0	0	0	0	0	0
20260511	지엔소프트(주)	0	0	0	0	0	0
20260521	지엔소프트(주)	0	0	0	0	0	0
20260601	지엔소프트(주)	0	0	0	0	0	0
20260611	지엔소프트(주)	0	0	0	0	0	0
20260621	지엔소프트(주)	0	0	0	0	0	0
20260701	지엔소프트(주)	0	0	0	0	0	0
20260711	지엔소프트(주)	0	0	0	0	0	0
20260721	지엔소프트(주)	0	0	0	0	0	0
20260801	지엔소프트(주)	0	0	0	0	0	0
