20251201	치즈에이드(주)	0	0	0	0	0	0
20251211	치즈에이드(주)	0	0	0	0	0	0
20251221	치즈에이드(주)	0	0	0	0	0	0
20260101	치즈에이드(주)	0	0	0	0	0	0
20260111	치즈에이드(주)	0	0	0	0	0	0
20260121	치즈에이드(주)	0	0	1	1	1	1
20260201	치즈에이드(주)	0	0	2	2	2	2
20260211	치즈에이드(주)	0	0	2	2	2	2
20260221	치즈에이드(주)	0	0	2	2	2	2
20260301	치즈에이드(주)	0	0	2	2	2	2
20260311	치즈에이드(주)	0	0	2	2	2	2
20260321	치즈에이드(주)	0	0	2	2	2	2
20260401	치즈에이드(주)	0	0	2	2	2	2
20260411	치즈에이드(주)	0	0	2	2	2	2
20260421	치즈에이드(주)	0	0	2	2	2	2
20260501	치즈에이드(주)	0	0	2	2	2	2
20260511	치즈에이드(주)	0	0	2	2	2	2
20260521	치즈에이드(주)	0	0	2	2	2	2
20260601	치즈에이드(주)	0	0	2	2	2	2
20260611	치즈에이드(주)	0	0	2	2	2	2
20260621	치즈에이드(주)	0	0	2	2	2	2
20260701	치즈에이드(주)	0	0	2	2	2	2
