20251201	콘텐츠테크놀로지스	0	0	0	0	0	0
20251211	콘텐츠테크놀로지스	0	0	0	0	0	0
20251221	콘텐츠테크놀로지스	0	0	0	0	0	0
20260101	콘텐츠테크놀로지스	0	0	0	0	0	0
20260111	콘텐츠테크놀로지스	0	0	0	0	0	0
20260121	콘텐츠테크놀로지스	0	0	0	0	0	0
20260201	콘텐츠테크놀로지스	0	0	0	0	0	0
20260211	콘텐츠테크놀로지스	0	0	0	0	0	0
20260221	콘텐츠테크놀로지스	0	0	0	0	0	0
20260301	콘텐츠테크놀로지스	0	0	0	0	0	0
20260311	콘텐츠테크놀로지스	0	0	0	0	0	0
20260321	콘텐츠테크놀로지스	0	0	0	0	0	0
20260401	콘텐츠테크놀로지스	0	0	0	0	0	0
20260411	콘텐츠테크놀로지스	0	0	0	0	0	0
20260421	콘텐츠테크놀로지스	0	0	0	0	0	0
20260501	콘텐츠테크놀로지스	0	0	0	0	0	0
20260511	콘텐츠테크놀로지스	0	0	0	0	0	0
20260521	콘텐츠테크놀로지스	0	0	0	0	0	0
20260601	콘텐츠테크놀로지스	0	0	0	0	0	0
20260611	콘텐츠테크놀로지스	0	0	0	0	0	0
20260621	콘텐츠테크놀로지스	1	1	0	0	1	1
20260701	콘텐츠테크놀로지스	1	1	0	0	1	1
20260711	콘텐츠테크놀로지스	1	1	0	0	1	1
20260721	콘텐츠테크놀로지스	1	1	0	0	1	1
20260801	콘텐츠테크놀로지스	1	1	0	0	1	1
20260811	콘텐츠테크놀로지스	1	1	0	0	1	1
20260828	콘텐츠테크놀로지스	1	1	0	0	1	1
