20260121	텔레픽스(주)서울사무소	1	1	2	2	3	3
20260201	텔레픽스(주)서울사무소	1	1	2	2	3	3
20260211	텔레픽스(주)서울사무소	1	1	2	2	3	3
20260221	텔레픽스(주)서울사무소	1	1	2	2	3	3
20260301	텔레픽스(주)서울사무소	1	1	2	2	3	3
20260311	텔레픽스(주)서울사무소	1	1	2	2	3	3
20260321	텔레픽스(주)서울사무소	1	1	2	2	3	3
20260401	텔레픽스(주)서울사무소	1	1	2	2	3	3
20260411	텔레픽스(주)서울사무소	1	1	2	2	3	3
20260421	텔레픽스(주)서울사무소	1	1	2	2	3	3
20260501	텔레픽스(주)서울사무소	1	1	2	2	3	3
20260511	텔레픽스(주)서울사무소	1	1	2	2	3	3
20260521	텔레픽스(주)서울사무소	1	1	2	2	3	3
20260601	텔레픽스(주)서울사무소	1	1	2	2	3	3
20260611	텔레픽스(주)서울사무소	1	1	2	2	3	3
20260621	텔레픽스(주)서울사무소	1	1	2	2	3	3
20260701	텔레픽스(주)서울사무소	1	1	2	2	3	3
20260711	텔레픽스(주)서울사무소	1	1	2	2	3	3
20260721	텔레픽스(주)서울사무소	1	1	2	2	3	3
20260801	텔레픽스(주)서울사무소	1	1	2	2	3	3
