20230905	하임시큐리티	0	0	0	2	0	2
20230911	하임시큐리티	0	0	0	2	0	2
20230921	하임시큐리티	0	0	0	2	0	2
20231001	하임시큐리티	0	0	0	1	0	1
20231011	하임시큐리티	0	0	0	1	0	1
20231021	하임시큐리티	0	0	0	1	0	1
20231101	하임시큐리티	0	0	0	1	0	1
20231111	하임시큐리티	0	0	0	0	0	0
20231121	하임시큐리티	0	0	0	0	0	0
20231201	하임시큐리티	0	0	0	0	0	0
20231211	하임시큐리티	0	0	0	0	0	0
20231221	하임시큐리티	0	0	0	0	0	0
20240101	하임시큐리티	0	0	0	0	0	0
20240111	하임시큐리티	0	0	0	0	0	0
20240121	하임시큐리티	0	0	0	0	0	0
20240201	하임시큐리티	0	0	0	0	0	0
20240211	하임시큐리티	0	0	0	0	0	0
20240221	하임시큐리티	0	0	0	0	0	0
20240301	하임시큐리티	0	0	0	0	0	0
20240311	하임시큐리티	0	0	0	0	0	0
20240321	하임시큐리티	0	0	0	0	0	0
20240401	하임시큐리티	0	0	0	0	0	0
20240411	하임시큐리티	0	0	0	0	0	0
20240421	하임시큐리티	0	0	0	0	0	0
20240501	하임시큐리티	0	0	0	0	0	0
20240511	하임시큐리티	0	0	0	0	0	0
20240521	하임시큐리티	0	0	0	0	0	0
20240601	하임시큐리티	0	0	0	0	0	0
20240611	하임시큐리티	0	0	0	0	0	0
20240621	하임시큐리티	0	0	0	0	0	0
20240624	하임시큐리티	0	0	0	0	0	0
20240701	하임시큐리티	0	0	0	0	0	0
20240711	하임시큐리티	0	0	0	0	0	0
20240721	하임시큐리티	0	0	0	0	0	0
20240801	하임시큐리티	0	0	0	0	0	0
20240811	하임시큐리티	0	0	0	0	0	0
20240821	하임시큐리티	0	0	0	0	0	0
20240901	하임시큐리티	0	0	0	0	0	0
20240911	하임시큐리티	0	0	0	0	0	0
20240921	하임시큐리티	0	0	0	0	0	0
20241001	하임시큐리티	0	0	0	0	0	0
20241011	하임시큐리티	0	0	0	0	0	0
20241021	하임시큐리티	0	0	0	0	0	0
20241101	하임시큐리티	0	0	0	0	0	0
20241111	하임시큐리티	0	0	0	0	0	0
20241121	하임시큐리티	0	0	0	0	0	0
20241201	하임시큐리티	0	0	0	0	0	0
20241211	하임시큐리티	0	0	0	0	0	0
20241221	하임시큐리티	0	0	0	0	0	0
20250101	하임시큐리티	0	0	0	0	0	0
20250101	하임시큐리티	0	0	0	0	0	0
20250111	하임시큐리티	0	0	0	0	0	0
20250121	하임시큐리티	0	0	0	0	0	0
20250201	하임시큐리티	0	0	0	0	0	0
20250211	하임시큐리티	0	0	0	0	0	0
20250221	하임시큐리티	0	0	1	1	1	1
20250301	하임시큐리티	0	0	1	1	1	1
20250311	하임시큐리티	0	0	1	1	1	1
20250321	하임시큐리티	0	0	1	1	1	1
20250401	하임시큐리티	0	0	1	1	1	1
20250411	하임시큐리티	0	0	1	1	1	1
20250421	하임시큐리티	0	0	1	1	1	1
